<?xml version="1.0" encoding="utf-8"?>
<odoo>
<!--    Ticket types-->
    <record id="helpdesk_types_question" model="helpdesk.types">
        <field name="name">Question</field>
    </record>
    <record id="helpdesk_types_issue" model="helpdesk.types">
        <field name="name">Issue</field>
    </record>
    <record id="helpdesk_types_repair" model="helpdesk.types">
        <field name="name">Repair</field>
    </record>
    <record id="helpdesk_types_maintenance" model="helpdesk.types">
        <field name="name">Maintenance</field>
    </record>
    <record id="helpdesk_categories_internal" model="helpdesk.categories">
        <field name="name">Internal</field>
    </record>
    <record id="helpdesk_categories_technical" model="helpdesk.categories">
        <field name="name">Technical</field>
    </record>
</odoo>
