<?xml version="1.0" encoding="UTF-8" ?>
<odoo>
<!--    Sequence of ticket-->
    <record id="sequence_help_ticket_seq" model="ir.sequence">
        <field name="name">Helpdesk</field>
        <field name="code">help.ticket</field>
        <field name="prefix">TKT</field>
        <field name="padding">5</field>
        <field name="number_increment">1</field>
    </record>
<!--     Sequence of invoiced ticket -->
    <record id="sequence_help_ticket_inv_seq" model="ir.sequence">
        <field name="name">Helpdesk Invoice</field>
        <field name="code">ticket.invoice</field>
        <field name="prefix">INV/TKT/%(year)s/</field>
        <field name="padding">3</field>
        <field eval="1" name="number_increment"/>
        <field eval="False" name="company_id"/>
    </record>
</odoo>
